
{
    "Name": "Abstract Data Types and Programming Methodology",
    "CRN": "14607",
    "Capacity": 24,
    "Code": "cs241",
    "Number of Sections": 1,
    "Students": [
        {
            "name": "David",
            "id": "987654321",
            "course works": [
                {
                    "name": "q1",
                    "score": 2
                },
                {
                    "name": "q2",
                    "score": 10
                },
                {
                    "name": "q3",
                    "score": 10
                },
                {
                    "name": "midterm",
                    "score": 89
                },
                {
                    "name": "final",
                    "score": 95
                }
            ]
        },
        {
            "name": "John",
            "id": "123456789",
            "course works": [
                {
                    "name": "q1",
                    "score": 7
                },
                {
                    "name": "q2",
                    "score": 8
                },
                {
                    "name": "q3",
                    "score": 7
                },
                {
                    "name": "midterm",
                    "score": 77
                },
                {
                    "name": "final",
                    "score": 72
                }
            ]
        },
        {
            "name": "Matthew",
            "id": "246864248",
            "course works": [
                {
                    "name": "q1",
                    "score": 6
                },
                {
                    "name": "q2",
                    "score": 5
                },
                {
                    "name": "q3",
                    "score": 4
                },
                {
                    "name": "midterm",
                    "score": 66
                },
                {
                    "name": "final",
                    "score": 57
                }
            ]
        },
        {
            "name": "Rachel",
            "id": "555333111",
            "course works": [
                {
                    "name": "q1",
                    "score": 8
                },
                {
                    "name": "q2",
                    "score": 7
                },
                {
                    "name": "q3",
                    "score": 5
                },
                {
                    "name": "midterm",
                    "score": 90
                },
                {
                    "name": "final",
                    "score": 91
                }
            ]
        }
    ]
}